prod_id,rmean_ventas_1_3,rmean_ventas_1_12,rmean_precio_promedio_1_3,mes_numero,lag_1_ventas,lag_1_precio_promedio,ventas,Ventas_predicas_2024_01
0,1014.6666666666666,1267.1666666666667,5104.1441633344375,12,762.0,6475.820580237835,2252.0,1962.541715244407
1,1011.0,964.5,2776.1289112257978,12,1383.0,2913.916791592123,2235.0,1789.4372180393852
2,1806.0,1752.0833333333333,9673.492213820835,12,1223.0,10767.120294257817,1155.0,2142.4428028296647
3,1239.3333333333333,1464.3333333333333,1827.9801023976008,12,1770.0,1416.672668862817,1365.0,2049.144434843302
4,453.6666666666667,998.1666666666666,8247.493223209322,12,657.0,5980.653151920826,1705.0,1792.6685467866805
5,1313.0,1267.75,6467.009425484645,12,948.0,7000.645839710722,998.0,1858.996071199541
6,792.6666666666666,1082.5833333333333,3919.6962684647187,12,891.0,3295.8274640807867,4045.0,1906.612592544082
7,731.6666666666666,988.0833333333334,7760.714108006735,12,884.0,7057.149207193704,911.0,1658.4274233313834
8,1148.0,1251.5,6402.341898274113,12,1805.0,4266.402958500172,1967.0,1962.541715244407
9,371.0,807.5,4520.264402036526,12,851.0,3464.0617192616996,2762.0,1749.695370291356
10,1145.6666666666667,1661.5,9170.607829154913,12,1265.0,7540.495758623655,2367.0,2206.456813707126
11,382.6666666666667,646.5,6525.699443462402,12,188.0,9555.99339780565,2617.0,1614.2410473953926
12,607.3333333333334,769.1666666666666,2151.108227991416,12,817.0,1866.8292114557569,2221.0,1673.1331114195427
13,1559.6666666666667,1119.5833333333333,2658.3252050901597,12,1652.0,3031.596542208529,1121.0,1797.547771537613
14,836.0,1172.25,3122.8598011069225,12,932.0,3607.375035163788,2053.0,1909.3646076773186
15,1481.0,1293.4166666666667,5868.28138183676,12,1679.0,4157.327728605356,1310.0,1913.9268147206694
16,277.3333333333333,699.6666666666666,5315.701977815436,12,155.0,7869.540048176118,328.0,1240.2290596490782
17,1318.0,1389.0,7659.4838897157615,12,917.0,9261.103054341056,947.0,1933.3970589069186
18,323.0,692.9166666666666,2691.7975160277215,12,407.0,2994.704050894753,1941.0,1623.9411157017094
19,308.0,524.25,7279.125664941998,12,203.0,8037.896150076464,3873.0,1659.2918575244028
20,957.6666666666666,1088.5,5240.206526180479,12,1545.0,4151.952051796305,1306.0,1812.946881891334
21,385.0,803.5833333333334,3259.896573364909,12,514.0,3824.616047789814,1233.0,1607.325733871063
22,1498.6666666666667,1533.5833333333333,1553.2338261296106,12,1270.0,1826.4850192860629,1413.0,2110.1797809324225
23,1421.0,1828.5,5981.084662620077,12,1634.0,5733.346492781419,982.0,2102.9111696622576
24,654.0,1149.0833333333333,12746.407797138016,12,531.0,13242.410274183743,2745.0,1926.6620349023544
25,687.0,1173.3333333333333,2162.6575818787137,12,948.0,1674.1347705379146,1869.0,1909.3646076773186
26,344.3333333333333,684.1666666666666,4103.038206946034,12,273.0,4765.033275213844,1536.0,1598.4423711337954
27,1507.0,1592.8333333333333,1792.9221773094262,12,1568.0,1551.3567441163768,3853.0,2231.4726051294106
28,434.3333333333333,660.0833333333334,7553.3332330538,12,580.0,6290.903862808446,1020.0,1573.4044190766567
29,882.6666666666666,1217.75,8708.301713466943,12,755.0,6448.830158715144,1214.0,1855.2279005113191
30,805.3333333333334,952.0,3793.993975530711,12,808.0,4084.51430484707,1470.0,1773.638541777788
31,1431.3333333333333,1613.25,4797.78896850629,12,1741.0,3644.920252135023,2228.0,2203.6280030702305
32,1088.3333333333333,1115.9166666666667,4100.554639517912,12,770.0,4101.69231563074,1981.0,1861.5617824150718
33,749.0,1036.0,5394.537022804926,12,976.0,4269.093659607919,2036.0,1828.7906378215428
34,1100.3333333333333,1751.4166666666667,3010.1365268114664,12,850.0,3114.623645174618,3003.0,2251.507623836136
35,979.0,1349.5,7963.290234366966,12,1441.0,5218.9119229255775,4358.0,2069.085767587179
36,353.6666666666667,667.5833333333334,9780.171291418786,12,384.0,5517.917588600149,2380.0,1614.9826184127662
37,1116.0,1613.9166666666667,2360.7189550025596,12,976.0,2909.259249051648,1994.0,2203.6280030702305
38,356.3333333333333,701.75,9475.186372738042,12,321.0,7673.149060519185,1723.0,1598.4423711337954
39,844.0,1150.9166666666667,3924.969473136162,12,694.0,3762.3486269613686,1333.0,1843.847454616485
40,100.33333333333333,741.0,10438.88142219707,12,30.0,12246.274962830972,681.0,1352.4365514797373
41,2260.0,1927.4166666666667,1451.786076170354,12,2106.0,1552.2185573939364,1888.0,2206.456813707126
42,652.0,985.5833333333334,2119.9448504226507,12,709.0,1903.380174209812,2164.0,1794.7916616606808
43,442.3333333333333,721.1666666666666,7350.467269333253,12,643.0,7832.307415926649,845.0,1510.445452433059
44,1165.0,932.0,2243.269827638218,12,415.0,2816.608243386957,870.0,1569.1836804636005
45,1710.6666666666667,1463.3333333333333,4701.881066800205,12,1856.0,6221.950779900915,1595.0,2081.960659105442
46,781.6666666666666,1114.6666666666667,3772.1817676731075,12,823.0,3628.6845457709896,2463.0,1861.5617824150718
47,411.0,667.5,6241.575762496931,12,650.0,5133.066232979855,777.0,1480.3370833672038
48,1410.6666666666667,1704.8333333333333,4516.443969369105,12,1204.0,5235.533930332205,775.0,2015.9682649878655
49,400.6666666666667,497.0,4548.157124739875,12,348.0,5226.095114777216,2408.0,1614.2410473953926
50,343.3333333333333,710.6666666666666,1832.1124204212103,12,75.0,1738.4326829900317,480.0,1284.2369699435008
51,382.0,796.6666666666666,3628.4091270156073,12,285.0,3699.881636845377,0.0,1271.7405083918813
52,772.0,1068.3333333333333,5234.771495873715,12,787.0,4013.119633755291,1804.0,1823.4794852269742
53,1201.6666666666667,1569.4166666666667,10030.940608906167,12,1185.0,12105.855349451984,2500.0,2174.8213783778124
54,1371.6666666666667,1004.3333333333334,6484.580102826531,12,767.0,5534.188129600727,1270.0,1750.1583200560592
55,313.3333333333333,652.25,10721.60448933176,12,458.0,11962.93815987921,1368.0,1585.3445333931556
56,495.3333333333333,693.6666666666666,3845.043010637464,12,358.0,3239.169088296897,1883.0,1614.9826184127662
57,1207.6666666666667,1311.9166666666667,8900.341675758245,12,1209.0,9963.157007281774,1108.0,1898.5277043669485
58,1254.3333333333333,1591.9166666666667,1778.7026835608958,12,1442.0,1537.8152864610536,2305.0,2186.4217950004004
59,1191.3333333333333,1938.75,5283.604879707523,12,971.0,5908.275294562337,1732.0,2190.6581374455286
60,2081.0,1973.25,5099.208937826929,12,1872.0,5290.295042943599,1131.0,2142.4428028296647
61,489.3333333333333,724.25,2289.8910193073275,12,674.0,2279.6597537106604,208.0,1296.8136443401484
62,1086.3333333333333,1184.5833333333333,5763.412407675712,12,289.0,5445.527006939004,1466.0,1844.5511711030306
63,989.3333333333334,1595.9166666666667,6506.487238558381,12,1511.0,3929.6254243439503,3725.0,2231.4726051294106
64,829.0,900.0,1860.7331257913381,12,726.0,1475.7555864880303,1038.0,1664.704891704595
65,661.6666666666666,1008.9166666666666,9007.021823954103,12,1136.0,6601.110304027542,1496.0,1798.3736546719206
66,604.0,987.8333333333334,4681.251453982779,12,111.0,4374.526094943905,750.0,1535.6400115262281
67,1678.3333333333333,1547.0833333333333,5970.339486265312,12,2278.0,5444.3775874528155,1542.0,2159.022702116215
68,985.6666666666666,1290.0833333333333,3419.527531626924,12,1034.0,4288.039261486283,2422.0,1962.541715244407
69,1581.6666666666667,1381.0,3264.255793968989,12,386.0,3697.577832480102,1819.0,1952.1133415732122
70,284.0,1000.25,5971.103819760807,12,279.0,5689.944593680504,3658.0,1796.9334484862177
71,756.6666666666666,1150.0,7892.661117072505,12,511.0,8079.363493670007,1134.0,1797.45100818202
72,1729.3333333333333,1762.8333333333333,9275.570511433318,12,2639.0,6572.629252313859,1004.0,2102.9111696622576
73,1036.3333333333333,913.0,7651.636228509924,12,308.0,8784.536166466076,1704.0,1678.0589506823655
74,771.6666666666666,1189.0,7290.075982602673,12,1117.0,8609.050512148726,1415.0,1870.6270108650401
75,404.0,988.0833333333334,8444.037047184049,12,344.0,9366.619043407369,2888.0,1782.425124386131
76,391.6666666666667,903.8333333333334,6278.115066483489,12,427.0,6265.805697195914,2145.0,1703.5576952502795
77,894.3333333333334,1378.25,7211.505800781214,12,1301.0,6674.984304553736,323.0,1652.0505230952713
78,1319.3333333333333,1656.0833333333333,4026.860246292347,12,1573.0,3929.381139197691,2939.0,2251.507623836136
79,415.3333333333333,991.5833333333334,9937.30079295901,12,384.0,8582.445878069851,1113.0,1674.1018743970358
80,332.0,667.6666666666666,1348.0956641686691,12,222.0,1838.7931643654344,1849.0,1598.4423711337954
81,1199.6666666666667,1196.4166666666667,5222.246063554823,12,1433.0,4830.773895626341,3461.0,1964.292721517788
82,1129.3333333333333,1251.5,5549.866238246604,12,1110.0,4765.475379087487,2736.0,2007.5925253734172
83,1351.3333333333333,1415.9166666666667,6015.860820906143,12,1362.0,6492.53338334326,935.0,1966.9548241816874
84,408.6666666666667,871.6666666666666,6861.236034120626,12,543.0,5872.9863232036805,3038.0,1784.6418913971647
85,632.0,996.1666666666666,1402.5214983242167,12,635.0,1511.165639439358,1099.0,1729.9448880707323
86,697.3333333333334,928.3333333333334,5309.430782466766,12,782.0,4616.94840567812,2826.0,1823.8066659638478
87,469.0,987.0,4284.335728528528,12,408.0,5464.6969111321705,1984.0,1747.0743825634377
88,1491.0,1444.4166666666667,9160.83115419969,12,2211.0,7699.872310874496,1784.0,2081.960659105442
89,1894.6666666666667,1991.0,8478.124669749259,12,1126.0,10326.188631735651,1892.0,2206.456813707126
90,1617.0,1586.1666666666667,4463.590048107652,12,818.0,4603.413917828602,1770.0,2159.022702116215
91,1418.3333333333333,1953.3333333333333,5314.679406023136,12,1468.0,4898.026495128859,2265.0,2206.456813707126
92,2117.6666666666665,1647.5,2940.1029150006702,12,1526.0,4123.479621586841,2797.0,2251.507623836136
93,1052.0,1087.25,1588.572047234352,12,523.0,2033.3214482528151,1537.0,1832.6044964535163
94,1300.0,1461.0,6625.367843674315,12,1393.0,7776.466399385427,2925.0,2142.8101454960492
95,1590.3333333333333,1628.0833333333333,8078.413032500335,12,1674.0,8574.419568054667,1928.0,2206.456813707126
96,448.6666666666667,701.0833333333334,11247.11342427342,12,242.0,12201.704185951208,1097.0,1550.2270365179338
97,1402.6666666666667,1645.6666666666667,7664.723890633776,12,1653.0,5753.8374427521285,1097.0,2142.4428028296647
98,1625.0,1627.5833333333333,8506.827018621947,12,2469.0,7630.254207149945,1238.0,2142.4428028296647
99,1249.6666666666667,1360.0,6550.765611717702,12,1056.0,6292.505907045265,2736.0,2071.1133209705963
100,489.3333333333333,844.0833333333334,3088.2415841894795,12,497.0,3023.999324686814,869.0,1510.959565095118
101,1081.6666666666667,1193.1666666666667,5025.517713900312,12,905.0,5044.526728959116,877.0,1764.6941976889934
102,401.3333333333333,954.5,2975.356019313543,12,438.0,3134.198064105816,2807.0,1785.296032450562
103,326.0,523.1666666666666,3984.4941217089604,12,58.0,3567.062977113173,1989.0,1614.2410473953926
104,1864.0,2112.1666666666665,1203.9554730652371,12,1773.0,1219.2534924706902,2121.0,2206.456813707126
105,1821.0,1872.75,2737.594850552469,12,2402.0,2842.646691992447,1833.0,2190.6581374455286
106,577.3333333333334,1348.5,9861.71244953049,12,837.0,10199.924792921449,5063.0,2069.085767587179
107,349.3333333333333,960.6666666666666,6313.8506040667235,12,175.0,8830.163861587174,3045.0,1775.5959641442453
108,312.3333333333333,793.75,8719.500332002004,12,245.0,9023.457666311944,1249.0,1581.738485260737
109,838.0,1275.5833333333333,6608.850550557305,12,1080.0,5945.7034215123695,3251.0,2007.5925253734172
110,532.0,743.9166666666666,5126.2391023201635,12,400.0,5984.232639673493,1481.0,1608.1424394401122
111,543.3333333333334,742.1666666666666,2279.747161184414,12,434.0,2263.926053808194,1663.0,1608.1424394401122
112,1141.0,1264.4166666666667,5631.204605640681,12,1098.0,5320.422272561606,1425.0,1913.9268147206694
113,690.0,737.5833333333334,2660.1959558471403,12,458.0,3248.0474231759363,2021.0,1633.9594339168934
114,1099.0,1277.1666666666667,1600.8651997475529,12,821.0,1942.929034182213,1216.0,1898.5277043669485
115,1190.3333333333333,1212.1666666666667,7865.248619121875,12,1097.0,7739.905364170432,2603.0,1919.241911388778
116,585.3333333333334,736.5,7447.370371923088,12,787.0,7332.451730052456,1769.0,1657.3344351579456
117,1247.6666666666667,1115.75,9840.12168596586,12,268.0,13209.881861778224,1205.0,1738.6557075134629
118,282.6666666666667,802.75,2916.2148677191994,12,344.0,2653.7913136988577,135.0,1271.7405083918813
119,1186.3333333333333,1593.5,2742.719748813859,12,846.0,3132.0679229796224,2587.0,2186.4217950004004
120,1895.3333333333333,1978.0,10393.539147593297,12,1258.0,11795.935582933653,2773.0,2251.507623836136
121,785.3333333333334,1262.5833333333333,3878.952197257919,12,1097.0,2757.3938095724234,1111.0,1898.5277043669485
122,956.3333333333334,1316.0,3684.5371595771976,12,1257.0,4051.207064213877,915.0,1824.7027602945195
123,2004.3333333333333,1775.5,9520.529537681476,12,967.0,11226.52887713429,1112.0,2142.4428028296647
124,1203.0,1501.3333333333333,3673.1159267862436,12,1192.0,4481.106613331705,1735.0,2101.2440083360784
125,1414.0,1757.1666666666667,5321.640942729137,12,1412.0,5447.831390989821,1655.0,2190.6581374455286
126,2137.6666666666665,1799.3333333333333,5289.771426937714,12,2197.0,5346.539225603319,1318.0,2157.8419131833866
127,1384.3333333333333,1645.0,11395.733007007955,12,1227.0,11549.848270813714,985.0,2102.9111696622576
128,2157.0,1688.0,2839.3956927335416,12,1884.0,3370.302115030141,4123.0,2251.507623836136
129,665.6666666666666,1159.75,3522.0030867371165,12,1066.0,2660.090451163115,1253.0,1830.755823595844
130,679.6666666666666,1083.9166666666667,5679.420801754073,12,655.0,4982.874745859444,1397.0,1810.639402558254
131,1658.6666666666667,1591.4166666666667,4501.529615369613,12,1056.0,6247.568680587754,1835.0,2170.623118738803
132,1109.3333333333333,1310.3333333333333,1885.571170890247,12,823.0,1776.8200336789578,2927.0,2007.5925253734172
133,240.66666666666666,717.8333333333334,3653.1667455106412,12,164.0,4391.065832648697,4031.0,1659.2918575244028
134,309.0,961.4166666666666,4916.988316108878,12,379.0,4495.518788345869,2439.0,1731.2867250326087
135,1322.0,1607.5,6451.709201081067,12,803.0,7777.898904396128,458.0,1858.9755456690627
136,1679.3333333333333,1709.3333333333333,2759.159919277759,12,2508.0,2234.814589881145,2317.0,2206.456813707126
137,1583.0,1906.0833333333333,8741.327542698205,12,1648.0,9699.357162656152,2887.0,2251.507623836136
138,1005.3333333333334,958.1666666666666,4380.790122472834,12,187.0,4284.842652368201,1165.0,1666.5311431377766
139,1695.6666666666667,1276.5,1851.9533307324982,12,1377.0,1944.6336538540015,1309.0,1913.9268147206694
140,803.0,1262.5,2020.845099539736,12,1130.0,1584.5295919508098,3822.0,2007.5925253734172
141,552.3333333333334,1139.1666666666667,5338.03243657436,12,471.0,4996.795182506309,1306.0,1779.6420664775098
142,302.3333333333333,672.4166666666666,4556.98906448103,12,35.0,7143.552920287842,488.0,1284.2369699435008
143,226.33333333333334,870.1666666666666,4943.937292230924,12,176.0,4705.239121324412,2072.0,1673.7731435847752
144,1333.3333333333333,930.25,6579.466721817465,12,393.0,8851.216525398177,2649.0,1729.5638601170042
145,289.6666666666667,1013.5,9819.159855288277,12,413.0,11975.265796458578,885.0,1610.4326215159
146,741.0,1185.25,7497.272812520482,12,558.0,7123.941664255237,1913.0,1906.0833016888196
147,1089.6666666666667,1040.6666666666667,2195.795967430516,12,700.0,2856.547518494452,2469.0,1826.4831584884628
148,1083.0,1841.0833333333333,9719.188319205912,12,1395.0,6791.535109461951,1660.0,2190.6581374455286
149,521.6666666666666,1023.6666666666666,7129.53476622916,12,261.0,9426.750640371252,598.0,1460.4148104741116
150,211.0,483.6666666666667,4405.639580722575,12,230.0,3979.0227226728175,222.0,1240.2290596490782
151,573.3333333333334,1036.5833333333333,3231.5246294810386,12,683.0,3513.402686284261,1382.0,1777.8682579647252
152,1047.0,1280.1666666666667,920.0978469510061,12,943.0,1134.5238467983836,1429.0,1921.6577383404433
153,1238.0,1186.9166666666667,9111.735796591593,12,1166.0,10255.1361322066,1596.0,1903.4432351271807
154,1377.3333333333333,1603.3333333333333,3795.7774773275523,12,1839.0,2705.4076449154536,3323.0,2231.4726051294106
155,287.0,711.8333333333334,1201.951523615425,12,321.0,1182.2827793734891,2226.0,1614.2410473953926
156,1660.3333333333333,1482.5,6065.327189188637,12,960.0,5175.100643419792,1989.0,2105.058987663823
157,703.3333333333334,1285.3333333333333,8747.282765693752,12,731.0,8818.015759083428,1706.0,1945.2683223622196
158,1235.3333333333333,1347.4166666666667,2868.3358605955655,12,1275.0,2222.1104003496885,2861.0,2068.383970055665
159,325.0,669.5,2476.6735952086815,12,591.0,1508.6576213102685,2190.0,1659.9745017195844
160,608.6666666666666,758.6666666666666,2267.767774847733,12,246.0,2424.2603036058294,1724.0,1598.4423711337954
161,509.6666666666667,1106.4166666666667,2096.253293744423,12,620.0,1746.132278440216,1291.0,1795.240292204533
162,353.6666666666667,747.3333333333334,3765.008465216013,12,378.0,3415.0837039419116,1080.0,1528.4125357698385
163,366.6666666666667,1167.5833333333333,6306.097540040743,12,251.0,5599.153501081271,1595.0,1834.6738673915713
164,1527.6666666666667,1992.1666666666667,4407.022881932872,12,1720.0,4658.973411947634,1966.0,2206.456813707126
165,327.0,811.25,10446.914866592704,12,201.0,12533.51694048159,2835.0,1690.803306267206
166,2520.0,2072.0,1021.1127861732003,12,3426.0,777.9418455108005,2356.0,2206.456813707126
167,764.3333333333334,922.5,3094.8119057628996,12,650.0,2503.319597022958,955.0,1632.6087082962624
168,1184.0,1160.75,8994.786262301206,12,891.0,10726.978747374887,890.0,1740.2221207735183
169,377.3333333333333,892.9166666666666,5021.005643509113,12,375.0,4061.621959665853,3035.0,1739.6500080903465
170,838.3333333333334,1240.1666666666667,7699.983193829438,12,776.0,6698.092512011622,1108.0,1898.5277043669485
171,1274.6666666666667,1605.5,2698.0269030146837,12,1287.0,3523.459308327287,2074.0,2186.4217950004004
172,2523.0,1680.1666666666667,8034.477581647933,12,3090.0,6231.01097868561,1722.0,2190.6581374455286
173,1747.3333333333333,1677.0,7887.249443377655,12,1395.0,9808.216963210169,2351.0,2206.456813707126
174,716.3333333333334,955.6666666666666,7697.565817746686,12,925.0,6376.099492577287,1259.0,1725.4232071619267
175,597.3333333333334,937.6666666666666,9963.523210116758,12,973.0,8681.772316578299,1604.0,1762.9571795732404
176,872.6666666666666,1175.8333333333333,967.9784884429783,12,556.0,654.9517786255196,124.0,1522.194010231046
177,798.0,1061.3333333333333,4427.550690618013,12,770.0,5026.662737965418,684.0,1577.4736655729162
178,1593.0,1622.8333333333333,3091.1644470977385,12,2038.0,2565.4812714844516,1677.0,2190.6581374455286
179,911.0,1127.1666666666667,2522.135725580392,12,955.0,2308.779300133083,1250.0,1797.547771537613
180,1714.6666666666667,1784.8333333333333,3666.043310458425,12,1023.0,4885.396701148964,4014.0,2251.507623836136
181,1518.6666666666667,1784.9166666666667,8615.689661485187,12,1530.0,9835.633472469191,1519.0,2190.6581374455286
182,1059.3333333333333,1465.5833333333333,4631.248625916688,12,772.0,6400.727316439123,1180.0,2041.0449767863645
183,1749.0,1346.4166666666667,5158.559484660645,12,3168.0,3685.1813695721344,446.0,1675.100129819209
184,1619.0,1605.6666666666667,869.9017638866131,12,1508.0,868.8950852020445,1459.0,2165.1006590955094
185,850.3333333333334,1237.4166666666667,8440.676933064906,12,634.0,9136.26213454431,3404.0,2005.2850460403372
186,1185.0,1393.6666666666667,5674.909849683102,12,953.0,5491.669641427365,1751.0,2035.4318859840919
187,709.3333333333334,975.0833333333334,6694.425951628234,12,584.0,6323.586953105196,2408.0,1783.1077685813127
188,568.6666666666666,588.5,2923.4903937391755,12,595.0,3074.9971302601616,1017.0,1556.4288576747185
189,524.6666666666666,937.6666666666666,7223.616430352646,12,483.0,8716.750840115481,4398.0,1790.5018505500236
190,895.3333333333334,1016.75,2689.844726632613,12,1391.0,2094.2226743359583,782.0,1623.683782214259
191,751.6666666666666,942.8333333333334,1057.3870758141577,12,944.0,786.2424451726888,773.0,1588.2673071155787
192,247.33333333333334,595.75,7049.612226506753,12,38.0,8906.788559548912,2095.0,1614.2410473953926
193,1879.3333333333333,1436.75,4578.968819525975,12,1408.0,4122.9274499083995,2810.0,2129.8391376494674
194,782.0,1226.4166666666667,6431.44135131282,12,661.0,5882.624647061353,3253.0,2005.2850460403372
195,373.0,844.0833333333334,4001.126644600268,12,369.0,4496.602184906011,2921.0,1691.5448772845796
196,371.6666666666667,917.25,2324.644052945531,12,301.0,2224.191729615858,1251.0,1629.843616066504
197,1340.6666666666667,1533.0,1739.0428026252057,12,1589.0,1541.849625552128,655.0,1873.8998141730378
198,889.3333333333334,1169.0833333333333,11643.919612373456,12,1214.0,12990.59396161488,1003.0,1805.8189636324528
199,1406.0,1436.75,4060.201236718253,12,637.0,5095.058845016709,934.0,1964.6473448486074
200,1339.6666666666667,1747.25,3666.171941888988,12,1501.0,2990.605148043821,2764.0,2251.507623836136
201,451.0,1159.75,3524.4786748645843,12,13.0,3886.0377013363704,1814.0,1820.0790941875553
202,849.3333333333334,1561.25,5133.79260399328,12,1264.0,4862.387921757931,2850.0,2219.8721885068226
203,1329.3333333333333,1473.6666666666667,6740.234772532361,12,1626.0,6198.687425846478,2264.0,2105.058987663823
204,1112.6666666666667,1188.5833333333333,9839.377171756702,12,912.0,10496.722123732026,975.0,1801.4084080500074
205,2182.6666666666665,2056.1666666666665,1857.9285786827247,12,1713.0,1845.3218022426736,2924.0,2251.507623836136
206,1654.6666666666667,1871.0,4496.0844633761,12,1259.0,5515.6980918088775,1940.0,2206.456813707126
207,529.0,863.4166666666666,995.893271963775,12,642.0,729.6960947228227,3079.0,1775.4085384048556
208,1300.0,1516.0,5262.636887644315,12,1189.0,4946.625621013061,1258.0,2053.028673720218
209,1150.0,1343.6666666666667,5697.691779093012,12,1136.0,5713.533998451247,1489.0,2007.5344836650575
210,1204.6666666666667,1539.5,1570.2906799923373,12,1063.0,1610.4990031497218,3198.0,2219.8721885068226
211,1199.3333333333333,1307.8333333333333,3752.512451952532,12,612.0,3728.727990672507,549.0,1642.5638150930224
212,816.3333333333334,1036.5,7456.6472078235975,12,763.0,7932.885042553294,2644.0,1828.7906378215428
213,1729.0,1535.6666666666667,1824.2614544462792,12,2054.0,1651.3413515266177,3832.0,2219.8721885068226
214,841.3333333333334,962.0,5403.865559557728,12,990.0,5273.461847829874,850.0,1629.0570383859817
215,1745.6666666666667,1795.5833333333333,2895.0091399150874,12,813.0,3654.362628616448,1741.0,2190.6581374455286
216,640.3333333333334,649.75,6049.045452558993,12,440.0,7168.4228199611825,1740.0,1608.1424394401122
217,1346.6666666666667,1439.9166666666667,7878.265104743422,12,1449.0,7332.708796675097,3332.0,2129.8391376494674
218,708.3333333333334,843.4166666666666,1575.4014112904722,12,437.0,1903.6667881365304,1784.0,1639.6538881829154
219,235.66666666666666,672.75,9396.414114015375,12,234.0,7445.7244668489075,2251.0,1614.2410473953926
220,1963.6666666666667,2093.1666666666665,7618.519992582585,12,1651.0,10914.18149618986,2534.0,2206.456813707126
221,1915.3333333333333,1748.9166666666667,2895.973132616613,12,2490.0,2324.2707333798717,961.0,2088.623310368352
222,900.3333333333334,1242.3333333333333,7662.7888827556935,12,919.0,7358.7027785384835,4245.0,2007.5925253734172
223,2014.0,1725.5,4234.809762093852,12,2610.0,3615.914613497251,1093.0,2119.886731064196
224,1066.0,1017.5,7682.163924624201,12,1345.0,5663.22386488975,2000.0,1814.1723309335177
225,1198.6666666666667,1372.75,9177.122662127304,12,1281.0,8702.532679405773,2415.0,2026.062510841586
226,1338.0,1740.5833333333333,5909.8238620886705,12,841.0,7833.874134974312,2061.0,2206.456813707126
227,544.0,690.25,7379.863745106824,12,329.0,8418.515315790672,1858.0,1598.4423711337954
228,668.3333333333334,1157.1666666666667,1951.604266409835,12,508.0,2480.156192969404,1830.0,1845.6663427978813
229,1031.0,1311.25,7111.539376649504,12,869.0,6938.323584659343,1799.0,1946.7430389828098
230,399.0,815.25,9267.762321715456,12,521.0,10694.640745936971,3851.0,1736.5367605913978
231,795.0,1184.4166666666667,2604.418052484602,12,446.0,3077.0611642676968,1449.0,1848.728779766054
232,974.6666666666666,1327.3333333333333,10030.988842147073,12,1383.0,6896.583956935356,5371.0,2068.383970055665
233,1253.6666666666667,1391.3333333333333,8659.992205787976,12,2137.0,5457.527848400132,2104.0,2051.2305622456893
234,1505.0,1260.25,1015.7753282768963,12,1444.0,1096.034606205088,1500.0,1946.7430389828098
235,668.6666666666666,757.5,4831.805476061666,12,720.0,5835.147908724177,1538.0,1655.8597185373553
236,356.3333333333333,613.1666666666666,3636.2840598781436,12,531.0,3131.8220612039113,1200.0,1595.9604908421256
237,540.0,601.5833333333334,9524.540961876603,12,512.0,10505.259626185469,2394.0,1639.8282960057186
238,2021.3333333333333,1590.4166666666667,3871.7883977720944,12,1386.0,4573.892705037437,1254.0,2110.8073675003516
239,865.6666666666666,970.4166666666666,8311.416820939556,12,814.0,10759.23616357272,1698.0,1777.4838439032028
240,2051.3333333333335,1955.1666666666667,2829.6071259360197,12,3027.0,2414.422296545301,1460.0,2185.135677802235
241,1744.3333333333333,1468.6666666666667,4839.878738628473,12,1713.0,5544.188279310814,1874.0,2105.058987663823
242,1527.6666666666667,1504.25,4593.862580581721,12,1260.0,5751.124760491317,981.0,2013.4970405528113
243,1385.3333333333333,1230.8333333333333,6805.49068116373,12,1235.0,6883.596997639874,1132.0,1898.5277043669485
244,1499.0,1962.4166666666667,7874.71506442121,12,2545.0,5577.714260639376,1686.0,2190.6581374455286
245,251.33333333333334,784.0833333333334,9492.263556474345,12,82.0,10818.299750979178,1634.0,1620.7973448195748
246,725.3333333333334,1090.8333333333333,2708.593157177738,12,1213.0,2815.8216196306416,932.0,1723.722827465184
247,293.3333333333333,429.4166666666667,4318.999677894378,12,25.0,4200.342775542759,1250.0,1550.2270365179338
248,675.0,1081.3333333333333,7200.577341473857,12,759.0,7443.735080798506,1496.0,1845.7631061534746
249,1654.0,1448.8333333333333,1338.7962160813674,12,1419.0,1675.7928462481743,1605.0,2081.960659105442
250,1646.0,1694.75,8478.153398457907,12,1441.0,7356.498263737023,2140.0,2206.456813707126
251,750.3333333333334,1267.1666666666667,2147.681128539395,12,1107.0,1354.1743591523348,2243.0,1962.541715244407
252,651.6666666666666,1084.1666666666667,9041.741400242334,12,517.0,11194.894222638872,1256.0,1764.2429561237889
253,439.6666666666667,842.6666666666666,4834.016949000986,12,528.0,4070.227952184725,2290.0,1691.4859504623876
254,1147.3333333333333,1514.5833333333333,2260.680746309177,12,1263.0,1840.952148310743,1457.0,2095.721548692785
255,1768.6666666666667,1787.4166666666667,2088.442346394249,12,2703.0,1473.1752218130955,2099.0,2206.456813707126
256,607.3333333333334,582.75,1721.9079866165475,12,753.0,1904.3982865170367,2072.0,1673.1331114195427
257,1094.6666666666667,1586.0833333333333,8133.605348928427,12,1141.0,9175.279998303798,2228.0,2174.8213783778124
258,1929.6666666666667,1594.3333333333333,1852.253557051431,12,3022.0,1366.601257546774,2255.0,2186.4217950004004
259,1507.0,1729.75,7270.677399106496,12,1037.0,10407.451631796415,1163.0,2142.4428028296647
260,397.3333333333333,859.4166666666666,6597.450654890016,12,397.0,8119.967763504946,2482.0,1683.473211891092
261,859.0,929.75,4376.1532018319995,12,652.0,4415.6584183120185,3112.0,1821.4991866307678
262,1256.3333333333333,1369.5,7764.964078467616,12,890.0,9184.22754737654,1073.0,1939.4924281986584
263,796.6666666666666,1093.5833333333333,6384.358419147386,12,828.0,6248.801933931385,2722.0,1906.612592544082
264,341.0,858.75,4934.755811437124,12,287.0,4770.449798701052,3866.0,1718.8239537137854
265,1314.0,1342.5833333333333,2663.3000094424183,12,1073.0,2993.869235799965,1404.0,1974.718259402917
266,734.0,652.8333333333334,2370.3860125604674,12,824.0,1814.1609267577492,2490.0,1673.1331114195427
267,679.6666666666666,1108.3333333333333,4835.953493202981,12,430.0,4722.024442594512,883.0,1657.822072997454
268,586.0,917.4166666666666,7656.581059998087,12,361.0,8861.690892001707,1650.0,1678.8005216997392
269,1426.3333333333333,1324.1666666666667,6897.026944437336,12,1317.0,6284.045114043976,1162.0,1959.319149049196
270,524.3333333333334,775.4166666666666,7718.116133353149,12,436.0,7508.679596108085,1675.0,1630.4974131258916
271,559.6666666666666,934.9166666666666,3698.8523008068228,12,481.0,3563.1325780007105,2109.0,1745.4510404210134
272,1082.6666666666667,1354.8333333333333,3635.126176349373,12,961.0,3759.8539569798777,2578.0,2026.062510841586
273,772.6666666666666,1088.3333333333333,10948.120172060517,12,939.0,11450.770488599988,2563.0,1861.5617824150718
274,1227.3333333333333,1842.0,3569.8104437797956,12,1229.0,2944.546249016881,2260.0,2206.456813707126
275,636.6666666666666,952.1666666666666,8266.223206645156,12,907.0,6264.714404541371,1028.0,1702.8671353964578
276,1111.3333333333333,1312.0833333333333,6774.28734833185,12,1080.0,8596.30954764568,897.0,1807.9940015446227
277,66.66666666666667,611.5,6140.002355781419,12,68.0,6134.527693136579,2536.0,1614.2410473953926
278,856.0,943.5833333333334,2987.317850103535,12,563.0,2830.11277081682,1858.0,1749.798569873282
279,350.3333333333333,888.9166666666666,2919.271051903295,12,344.0,3541.4297845162732,1198.0,1629.843616066504
280,575.6666666666666,1149.0833333333333,6655.54725402673,12,409.0,7991.865873407396,3331.0,1890.6286488844794
281,1107.0,1597.0,3551.2310906679213,12,1281.0,3013.1818642554363,805.0,2007.7971427649713
282,1492.3333333333333,1471.4166666666667,6982.245671527807,12,1319.0,7430.570439175923,1971.0,2105.058987663823
283,832.0,1255.75,3583.6061249878007,12,618.0,3231.63742046271,191.0,1586.2222481650124
284,1420.6666666666667,1434.75,1125.4454338112826,12,831.0,1531.8477133278925,1525.0,2068.989651258859
285,958.3333333333334,1289.9166666666667,3267.874309982319,12,1020.0,2972.578958249469,2553.0,1962.541715244407
286,1382.6666666666667,1326.4166666666667,9280.326556326849,12,1282.0,9162.907985513672,2020.0,2023.3331599266546
287,340.3333333333333,806.5,8403.932816068671,12,353.0,5781.85701565017,813.0,1467.1278439027678
288,615.6666666666666,1216.3333333333333,9994.774881918227,12,681.0,11805.290604121674,1519.0,1901.1357557941008
289,1027.0,1023.4166666666666,9225.389946688405,12,989.0,6223.7251825891835,2653.0,1814.1723309335177
290,1313.0,1399.8333333333333,5893.31359976131,12,644.0,7080.776834891776,1931.0,2048.923082912609
291,1383.3333333333333,1580.8333333333333,6450.108274480568,12,1918.0,6202.905275286731,1819.0,2159.022702116215
292,875.0,875.0833333333334,7928.959172531999,12,1040.0,6447.115330699654,1437.0,1718.6563311182463
293,1046.6666666666667,1153.3333333333333,2680.7329309205847,12,969.0,2946.386150954189,1526.0,1878.9711582117054
294,367.0,878.8333333333334,8305.264429929462,12,346.0,7533.620355382367,2389.0,1693.8576269439627
295,340.6666666666667,507.8333333333333,3282.1993360117945,12,350.0,2584.758272020428,1520.0,1598.4423711337954
296,1780.6666666666667,1885.5,7477.503446224175,12,2235.0,6594.977952112412,2655.0,2206.456813707126
297,821.0,1049.0,9940.305204174765,12,1188.0,12010.20365412992,731.0,1637.5438587576787
298,621.6666666666666,940.4166666666666,1795.2662690425043,12,474.0,2103.899879644003,1457.0,1724.129904516123
299,919.6666666666666,1215.25,3109.8173498778106,12,853.0,3749.97440581922,1403.0,1870.6270108650401
300,900.0,1177.0,9133.687503569203,12,1113.0,6293.194590480987,2005.0,1909.3646076773186
301,1609.3333333333333,1360.4166666666667,3405.9273904596103,12,2724.0,2232.903779328314,1241.0,1962.0484999641274
302,571.6666666666666,1126.5833333333333,3455.4887504511657,12,191.0,3391.578431066954,3160.0,1847.7205285199318
303,317.6666666666667,509.25,1728.9690728735434,12,268.0,2111.0532407723595,3012.0,1659.2918575244028
304,306.0,286.5,6707.96580545045,12,471.0,5630.508674160044,369.0,1272.4798339044366
305,438.0,981.9166666666666,4117.315919122796,12,263.0,3744.983805070485,1562.0,1721.5756379955237
306,1603.6666666666667,1884.25,6534.634164470847,12,2248.0,5694.937794054313,2620.0,2206.456813707126
307,950.3333333333334,1301.8333333333333,9181.493497565803,12,767.0,11574.245655339157,2371.0,1962.541715244407
308,372.6666666666667,602.8333333333334,6301.82686969906,12,223.0,7508.594496639459,1655.0,1598.4423711337954
309,1098.0,1515.5833333333333,5105.329064907693,12,1274.0,5451.290019115368,2678.0,2117.042684597676
310,997.0,1147.5833333333333,5783.2976404714145,12,963.0,5860.551134840651,1678.0,1878.9711582117054
311,1486.0,1784.0833333333333,5793.697167091025,12,776.0,7805.216557893447,2356.0,2206.456813707126
312,570.0,742.6666666666666,2719.7647554599257,12,533.0,2675.6214428101316,207.0,1285.96251397327
313,624.3333333333334,989.8333333333334,5159.743928547065,12,224.0,5390.333353959008,1583.0,1721.5756379955237
314,1743.6666666666667,1562.5833333333333,4813.771757219677,12,993.0,6150.868997150344,2878.0,2219.8721885068226
315,430.6666666666667,894.25,4981.808149274629,12,158.0,3892.0695349317784,1928.0,1693.8576269439627
316,1522.3333333333333,1493.1666666666667,5297.606160931541,12,2286.0,3893.555604533534,2198.0,2117.042684597676
317,996.0,1284.0,4391.71259240336,12,1448.0,3613.19435392675,1414.0,1913.9268147206694
318,1829.0,1700.8333333333333,11128.993517905874,12,1094.0,13173.75161855372,3623.0,2251.507623836136
319,1876.6666666666667,1538.9166666666667,3759.377152109418,12,3051.0,2447.569466144594,2182.0,2174.8213783778124
320,985.6666666666666,1264.6666666666667,2133.766107527003,12,1322.0,1835.7097523795828,1631.0,1946.7430389828098
321,377.3333333333333,1226.5833333333333,7079.136324147253,12,269.0,8449.820831294284,1857.0,1887.8509749586597
322,959.3333333333334,1265.1666666666667,7061.540710622201,12,940.0,6594.043425096065,3194.0,2007.5925253734172
323,870.3333333333334,1207.0833333333333,8121.1907300523235,12,1608.0,5071.150872983721,2248.0,1919.241911388778
324,462.6666666666667,756.3333333333334,6569.2797548219705,12,500.0,7427.086877100697,445.0,1291.5952658982733
325,1146.6666666666667,1170.6666666666667,8826.606929226848,12,1168.0,9651.657839131984,1129.0,1845.3505967998599
326,383.6666666666667,669.5,3250.2611050683713,12,325.0,3374.4610139851584,1481.0,1598.4423711337954
327,571.0,1046.0,5177.218403163806,12,801.0,4797.939226779163,1328.0,1790.6632609648336
328,1253.3333333333333,1468.0,4410.8862191449,12,1546.0,4956.206320756359,1731.0,2089.2603114022254
329,1857.0,1743.1666666666667,2747.482097054739,12,2635.0,2396.7769444701535,1825.0,2190.6581374455286
330,947.3333333333334,1314.75,4918.824035358654,12,679.0,6350.409657627978,1485.0,1944.4355596497298
331,1086.6666666666667,1198.1666666666667,8282.241898595157,12,791.0,12233.66127456702,1652.0,1903.4432351271807
332,211.66666666666666,741.0,12328.193043681096,12,158.0,13013.017311771464,1047.0,1527.670964752465
333,845.0,1087.9166666666667,2038.4181908088838,12,817.0,2769.5644344134625,2240.0,1861.5617824150718
334,1235.6666666666667,1114.0833333333333,7134.93753716279,12,846.0,6653.092330040561,415.0,1513.3287523076265
335,1109.0,961.0,6812.6670123506165,12,1640.0,4412.54516247362,760.0,1598.9486693201266
336,1031.6666666666667,1046.75,1705.3540724481252,12,981.0,1702.029061307256,1456.0,1817.957025583681
337,738.3333333333334,1346.9166666666667,9601.52480579781,12,522.0,11297.640671651723,2767.0,2055.2253603557074
338,1721.0,1457.25,3723.978965250135,12,1471.0,4439.615607021053,3374.0,2142.8101454960492
339,819.6666666666666,1177.6666666666667,6065.712380817018,12,729.0,4730.008389568699,1080.0,1821.3198084138007
340,769.0,1155.4166666666667,6398.629184831571,12,678.0,6127.574655014266,2247.0,1892.4623551402226
341,849.3333333333334,1292.75,1363.3439677815034,12,600.0,1795.2726542720482,876.0,1794.8353918446644
342,785.0,941.5833333333334,8212.150720339288,12,888.0,5715.457837928329,2417.0,1778.7558558348376
343,1471.6666666666667,1787.9166666666667,5624.078651230405,12,1104.0,4642.324131930871,1737.0,2190.6581374455286
344,1182.3333333333333,1364.4166666666667,3540.3221672036557,12,1531.0,3162.181609134186,3136.0,2071.1133209705963
345,803.3333333333334,1311.0,7179.420424064506,12,1056.0,6785.257034346061,1975.0,1962.541715244407
346,1513.6666666666667,1278.0833333333333,7046.318863138075,12,1155.0,8386.25444957259,1386.0,1913.9268147206694
347,932.0,1346.8333333333333,11251.681235557466,12,1476.0,9810.296710415658,1416.0,1974.718259402917
348,534.0,1178.6666666666667,1244.0365741131247,12,285.0,1478.349915117276,1251.0,1796.335836487169
349,2167.0,1738.5,3600.005042674122,12,2751.0,3180.1645802515413,1734.0,2190.6581374455286
350,1555.0,1681.25,2798.5892109923993,12,1563.0,2395.809371533409,2441.0,2206.456813707126
351,975.3333333333334,1186.6666666666667,11221.193452130094,12,907.0,12396.596166567351,2177.0,1919.241911388778
352,475.0,663.1666666666666,7603.396589656791,12,334.0,8179.429969490352,1189.0,1550.2270365179338
353,1906.3333333333333,2300.0833333333335,4267.434582045338,12,2174.0,4263.532913574828,2544.0,2206.456813707126
354,366.6666666666667,607.0,8262.264540989187,12,543.0,6087.0007885697705,1517.0,1644.1758254579872
355,732.6666666666666,1039.6666666666667,7862.007423166376,12,1161.0,7956.630946514933,1169.0,1764.7766269440842
356,1283.3333333333333,1489.1666666666667,12051.325104041529,12,1617.0,12157.952123799576,1944.0,2105.058987663823
357,206.33333333333334,1142.5833333333333,9231.107313845767,12,199.0,10728.45038332398,894.0,1681.3300567493682
358,1190.0,1733.75,1510.3029227200798,12,665.0,1869.7699451664816,2495.0,2204.1493343740462
359,741.0,1132.75,5110.1445914346505,12,377.0,5560.8514604508,953.0,1685.5777860695248
360,1953.6666666666667,1569.5,6659.608358382305,12,1935.0,6043.838983736364,2919.0,2219.8721885068226
361,1436.6666666666667,1733.25,6565.335546920937,12,1458.0,6850.584699403746,1260.0,2142.4428028296647
362,1192.3333333333333,1129.6666666666667,1625.1990763358172,12,1150.0,1778.3015245068575,3143.0,1906.612592544082
363,1387.6666666666667,1901.0833333333333,2456.91037937397,12,1193.0,2574.502867367916,2191.0,2206.456813707126
364,1273.3333333333333,1005.3333333333334,4418.791826715099,12,1776.0,3515.5543225634983,1177.0,1750.1583200560592
365,882.0,1374.0833333333333,7457.909594252927,12,826.0,7850.094150039191,2084.0,2026.062510841586
366,1542.3333333333333,2059.4166666666665,1562.154166187577,12,903.0,1720.060313711715,1811.0,2190.6581374455286
367,430.0,701.5833333333334,4925.486361950772,12,693.0,5453.83580389069,1094.0,1606.811621209004
368,2206.6666666666665,2017.9166666666667,4701.802823473469,12,2193.0,4970.330673895312,1236.0,2142.4428028296647
369,847.6666666666666,878.6666666666666,1855.5135937991192,12,845.0,2053.004467628244,1470.0,1736.9510147065157
370,431.3333333333333,1242.6666666666667,5776.840459842464,12,317.0,7344.2467670635615,1531.0,1887.8509749586597
371,1131.3333333333333,1315.9166666666667,5242.849526051686,12,1155.0,4921.5679498169575,2430.0,1962.541715244407
372,1322.3333333333333,1643.1666666666667,6969.562736043144,12,1239.0,5387.603242235136,1315.0,2157.8419131833866
373,789.0,1153.0,2578.6863799213834,12,412.0,2365.5711392616654,2633.0,1845.5778387554692
374,957.6666666666666,1301.75,6322.555744502154,12,957.0,6762.754123006047,1418.0,1913.9268147206694
375,1145.6666666666667,1326.75,2779.8635168143887,12,1587.0,2340.6547866821884,2251.0,2023.3331599266546
376,1353.6666666666667,1681.0,6864.210361020833,12,1055.0,7642.354000633616,1703.0,2190.6581374455286
377,1226.6666666666667,1492.5,2965.297202989168,12,1412.0,3473.5067488505324,1622.0,2101.2440083360784
378,316.0,545.3333333333334,6871.924007272423,12,205.0,8012.586505842728,1577.0,1598.4423711337954
379,315.6666666666667,939.9166666666666,4191.719593500274,12,304.0,4206.0825083162745,1533.0,1704.0651155490903
380,1853.3333333333333,1530.5833333333333,911.5814547836704,12,2341.0,935.4233691679912,542.0,1851.975391004735
381,816.3333333333334,1001.3333333333334,9572.873561653425,12,639.0,8851.575061697555,989.0,1708.3192075555717
382,1859.6666666666667,2009.5,2362.1374539376043,12,1258.0,2754.754821440839,1830.0,2190.6581374455286
383,847.0,1379.1666666666667,9420.414195928435,12,998.0,7899.869013977307,1856.0,2010.2638345799887
384,2353.6666666666665,2084.5833333333335,1504.760576806264,12,2637.0,1339.7210333011603,758.0,2015.9682649878655
385,1150.0,1409.8333333333333,8720.847187757205,12,1083.0,10586.49951448214,1386.0,2036.17342699672
386,304.6666666666667,403.1666666666667,3427.6979847360485,12,176.0,4250.171798089943,1412.0,1565.6261468716548
387,1693.6666666666667,1615.6666666666667,5263.28341233749,12,1848.0,5159.530370890532,1166.0,2139.6139921927693
388,369.6666666666667,600.4166666666666,7878.628077392658,12,352.0,8764.785965456205,1237.0,1550.2270365179338
389,1783.3333333333333,1592.6666666666667,6108.313985206926,12,2218.0,5395.218000676192,2725.0,2231.4726051294106
390,1014.6666666666666,1240.3333333333333,10010.908596555762,12,1266.0,8238.16056295298,1631.0,1946.7430389828098
391,1111.0,1376.8333333333333,2777.5875306776693,12,962.0,3490.8901316625925,1321.0,1977.4476103178483
392,903.6666666666666,1443.9166666666667,8724.693104388482,12,585.0,9421.026673902465,2193.0,2084.6007256670805
393,420.6666666666667,646.0833333333334,6982.883317007157,12,52.0,8452.225365461109,1944.0,1614.2410473953926
394,1527.0,1807.4166666666667,1406.3235854409213,12,1661.0,1250.919695615746,3262.0,2251.507623836136
395,365.0,975.5,1119.7821087116442,12,327.0,1377.289574566856,2364.0,1737.374314257121
396,275.0,791.1666666666666,3318.0041568755564,12,583.0,2694.271274491335,2250.0,1682.3294754053638
397,671.0,1050.8333333333333,9427.700958544732,12,693.0,8775.355876770549,2058.0,1836.9706821554914
398,764.3333333333334,786.5,8465.549036508804,12,580.0,8384.142309975376,574.0,1387.464018970108
399,1126.0,1224.0833333333333,5583.413572662962,12,1102.0,5413.043440260966,597.0,1667.676258809151
400,1875.6666666666667,2068.0,1923.4567986412767,12,1735.0,2046.318458916032,1203.0,2142.4428028296647
401,285.3333333333333,782.8333333333334,9188.421010824604,12,201.0,13151.781883968248,1536.0,1620.7973448195748
402,750.0,1139.25,6830.428566226245,12,626.0,7030.105122161851,1238.0,1795.240292204533
403,873.3333333333334,1008.1666666666666,5738.690539445864,12,1228.0,5495.534908540953,870.0,1653.7921512801142
404,235.0,764.25,2126.4861582535004,12,211.0,2155.4823609175787,2291.0,1614.2410473953926
405,239.33333333333334,803.0,7111.897733705856,12,311.0,5251.049029473856,2884.0,1690.803306267206
406,399.0,988.5833333333334,3492.848987430781,12,587.0,3158.712104057692,3289.0,1828.158578710323
407,974.3333333333334,1281.25,6266.858070986063,12,1664.0,4652.35676116687,1068.0,1875.9716326014795
408,1505.0,1746.5,9059.166930082885,12,1616.0,7675.038536682032,1629.0,2190.6581374455286
409,609.6666666666666,1186.0,2641.2956783044406,12,754.0,2744.906245960534,2678.0,1919.241911388778
410,1301.6666666666667,1782.5,5046.459859098642,12,827.0,4008.197288072172,1720.0,2190.6581374455286
411,492.3333333333333,961.25,10060.543646876715,12,807.0,6487.79865930138,2689.0,1789.4372180393852
412,662.6666666666666,1060.1666666666667,2136.0834358358425,12,474.0,2458.3873486044267,2628.0,1805.9733460747473
413,1414.0,1401.0,6921.66660951294,12,1110.0,8206.395035340383,2241.0,2084.7883275204576
414,1241.3333333333333,1854.6666666666667,8257.59370827865,12,1499.0,7833.35207181857,2679.0,2206.456813707126
415,648.6666666666666,1366.4166666666667,5198.530620750357,12,550.0,4271.998954711245,2150.0,2012.9039011416276
416,486.6666666666667,1145.9166666666667,6205.450267240168,12,629.0,5822.618848251752,2488.0,1892.4623551402226
417,1015.6666666666666,1112.4166666666667,3795.4543984310676,12,1272.0,3045.8489015904142,4241.0,1906.612592544082
418,2398.3333333333335,2275.6666666666665,5205.843681953412,12,2317.0,4848.77190885994,2657.0,2206.456813707126
419,451.6666666666667,989.4166666666666,10609.257590508085,12,603.0,7136.650991952467,3616.0,1828.158578710323
420,980.3333333333334,1122.6666666666667,6658.646009811536,12,1193.0,5434.287710882057,3522.0,1906.612592544082
421,355.3333333333333,564.6666666666666,2661.4758914330982,12,314.0,3481.0558931523456,2360.0,1614.2410473953926
422,1312.6666666666667,1322.4166666666667,10839.900718255632,12,2042.0,9332.787596607472,1082.0,1936.7630772837272
423,1024.0,1656.3333333333333,1671.936243650139,12,776.0,1733.244734926581,1805.0,2190.6581374455286
424,2093.3333333333335,1575.5833333333333,3055.0670929307903,12,2414.0,2665.3773853379116,972.0,2056.9878750390403
425,649.6666666666666,680.5,5060.225183698503,12,933.0,3385.406872273925,832.0,1494.5084591841148
426,788.3333333333334,1125.1666666666667,5547.778880450617,12,520.0,6573.688731316723,689.0,1589.1039639713488
427,928.3333333333334,1093.0833333333333,5301.440069355565,12,529.0,7244.812183191433,1451.0,1827.082036810223
428,893.6666666666666,1270.4166666666667,8011.055089543276,12,665.0,9155.541681253651,160.0,1586.2222481650124
429,715.6666666666666,1583.4166666666667,9196.892113127924,12,769.0,10256.273411605162,1332.0,2126.206477854073
430,591.6666666666666,935.5833333333334,5163.518417282401,12,245.0,6510.698851694335,1506.0,1704.0651155490903
431,656.3333333333334,1010.3333333333334,7609.99093873941,12,393.0,9212.385308394274,1788.0,1749.1816589540872
432,266.6666666666667,533.75,8422.81751670353,12,78.0,7943.640597707294,985.0,1510.6954033505267
433,602.6666666666666,682.75,7598.791944621714,12,443.0,7367.645636836079,1390.0,1575.3262151779716
434,463.0,832.8333333333334,6545.644205113495,12,365.0,7100.150113897003,1348.0,1597.8791666318316
435,863.0,918.0833333333334,9206.433574779925,12,923.0,8319.130618373947,241.0,1378.7377032217985
436,528.0,1310.6666666666667,5974.870133087667,12,353.0,7886.186579277594,1703.0,1887.8509749586597
437,945.0,1789.4166666666667,7380.46220849407,12,1136.0,6749.06879095703,2038.0,2206.456813707126
438,1750.3333333333333,1775.25,5884.8584854010405,12,2508.0,4030.428165197555,1548.0,2190.6581374455286
439,483.6666666666667,1049.0833333333333,10616.50260639464,12,438.0,12044.98219820744,3036.0,1835.1369758997482
440,549.3333333333334,897.5,2884.9812710905194,12,819.0,2517.012317920427,1832.0,1736.9510147065157
441,999.0,1385.8333333333333,3954.7322252385434,12,785.0,4684.430388126953,1270.0,1962.0484999641274
442,934.0,908.4166666666666,2632.9254436672622,12,895.0,3785.3602238731182,974.0,1634.9161876293424
443,633.6666666666666,1046.0833333333333,4225.640096807081,12,547.0,3331.4578224586967,1316.0,1777.5046512648753
444,249.0,958.6666666666666,3461.6174196427733,12,200.0,3997.844760063131,2698.0,1775.5959641442453
445,1210.3333333333333,1263.3333333333333,2626.6720997933458,12,1242.0,3022.8784034393275,1384.0,1913.9268147206694
446,1271.3333333333333,1885.25,2086.9220240653126,12,1703.0,2291.925693367619,575.0,1911.5913572718687
447,1103.3333333333333,967.6666666666666,1623.398773427185,12,1295.0,1286.2740135503182,1244.0,1725.4232071619267
448,1302.3333333333333,1472.3333333333333,2523.3089139188273,12,1709.0,2179.1781158764907,2397.0,2105.058987663823
449,255.33333333333334,629.5,6093.715708254985,12,292.0,4930.448289219486,841.0,1453.8608677419888
450,1790.6666666666667,1252.5833333333333,6032.8254628876675,12,1584.0,6705.849230009739,3205.0,2007.5925253734172
451,553.6666666666666,899.8333333333334,4353.7776716606795,12,400.0,3852.23353891397,1189.0,1639.5436843728207
452,767.0,995.0833333333334,9690.493965125794,12,482.0,10456.73936849349,1411.0,1714.346662343709
453,578.0,1168.1666666666667,8461.892726487507,12,867.0,6604.331056633843,2146.0,1909.3646076773186
454,343.6666666666667,604.5,4915.145244814902,12,297.0,5719.383604980377,3049.0,1659.2918575244028
455,779.6666666666666,1168.0833333333333,6510.386053137227,12,1042.0,4748.352657411249,1308.0,1860.7497071535809
456,792.3333333333334,1121.4166666666667,6719.1679079223095,12,459.0,6998.534159048372,1350.0,1773.7732043886847
457,904.6666666666666,1087.5833333333333,4729.425159432617,12,486.0,5864.448399685121,1315.0,1779.6420664775098
458,996.6666666666666,1298.3333333333333,7341.398530335642,12,1180.0,5296.368795083171,3441.0,2007.5925253734172
459,493.3333333333333,822.75,6536.801646249417,12,269.0,7688.80455992341,1344.0,1597.137595614458
460,1312.0,2005.5,5171.933051476363,12,1102.0,4322.341306354283,2100.0,2206.456813707126
461,1764.3333333333333,1462.5,1941.7613466746188,12,1660.0,1542.5693451082243,2708.0,2142.8101454960492
462,920.6666666666666,1550.1666666666667,5287.089108753989,12,547.0,5110.766527085338,2143.0,2161.6627686778534
463,1677.0,1555.1666666666667,9010.256046512915,12,1106.0,8243.233987314785,1856.0,2159.022702116215
464,109.0,658.75,1772.9180665355645,12,230.0,1803.3264648303857,627.0,1325.9669805383182
465,1679.3333333333333,1781.5833333333333,1410.5223211122036,12,2225.0,1366.724873260603,1542.0,2190.6581374455286
466,1019.6666666666666,1203.75,4587.551488361692,12,1125.0,5238.852405272255,2407.0,1919.241911388778
467,520.0,979.0833333333334,6444.5017714852,12,530.0,3800.27708723044,1387.0,1734.492868057575
468,1453.3333333333333,1450.5,7408.562274037834,12,2020.0,5038.255132633447,1632.0,2081.960659105442
469,1444.6666666666667,1647.0,10090.680904936062,12,909.0,11566.355278193829,1022.0,2119.886731064196
470,535.6666666666666,1008.8333333333334,4856.636068493291,12,399.0,4196.857413436763,2754.0,1810.0311453446946
471,1154.0,1357.1666666666667,5044.823958259573,12,1444.0,4702.125118587176,1792.0,2010.2638345799887
472,821.6666666666666,956.25,1597.248129784811,12,593.0,2161.4191752779657,1543.0,1760.4799320778297
473,649.3333333333334,1122.5,1462.925890754206,12,698.0,1352.4331310073765,2008.0,1859.2543030819918
474,1400.6666666666667,1142.9166666666667,4920.584222323449,12,1358.0,6047.535650799396,791.0,1716.145182237875
475,2095.0,1812.3333333333333,2637.4413488232117,12,2654.0,2417.1356683488466,1762.0,2190.6581374455286
476,827.0,769.25,1020.8320721625446,12,1193.0,979.0953006518024,2478.0,1695.4880851053222
477,624.0,1135.4166666666667,10736.465159246816,12,412.0,10880.050240469203,2403.0,1812.3697866972384
478,432.6666666666667,901.0833333333334,3448.365421549964,12,657.0,2491.7915955067338,1923.0,1750.442211635033
479,1490.0,1652.25,8187.292702233994,12,1054.0,10151.876710181565,1890.0,2206.456813707126
480,794.3333333333334,938.3333333333334,6339.940853019264,12,253.0,7825.901630643337,1183.0,1655.8497809332287
481,1166.0,1101.0833333333333,903.7557900182937,12,602.0,1199.371824826892,1411.0,1799.7882721913757
482,699.3333333333334,1019.3333333333334,5532.765392810022,12,49.0,5233.904621878864,2103.0,1755.2802669093676
483,620.3333333333334,1443.1666666666667,5680.972651785207,12,534.0,5889.420615536955,3421.0,2129.6515357960907
484,910.6666666666666,1077.4166666666667,5647.708452106034,12,1036.0,6385.423111435788,1283.0,1797.547771537613
485,662.3333333333334,914.4166666666666,3027.511655204978,12,407.0,2934.254666562002,1395.0,1654.9427947265417
486,518.0,860.25,6596.688538671733,12,366.0,6464.279391420319,1054.0,1587.9446319592212
487,336.3333333333333,871.0833333333334,5337.342453269408,12,482.0,4437.104755977957,1763.0,1703.6461992926916
488,1694.0,1665.0833333333333,7843.061276682217,12,1434.0,9703.602930166177,1739.0,2190.6581374455286
489,380.6666666666667,923.0833333333334,2186.0617371177545,12,279.0,2575.022134412728,3353.0,1738.908437072973
490,1386.6666666666667,1553.3333333333333,11118.044620740979,12,865.0,12436.850170945312,988.0,2071.275734332944
491,507.3333333333333,921.25,3682.5182727880415,12,371.0,4622.782636626275,1009.0,1591.0535539164705
492,1962.3333333333333,1774.25,5889.818356230586,12,2065.0,4991.937209938598,2331.0,2206.456813707126
493,917.6666666666666,1225.4166666666667,3839.6007648990585,12,47.0,5180.438340491772,867.0,1743.2694715668533
494,1447.0,1462.9166666666667,10175.171093066065,12,1158.0,9617.056569509648,1243.0,2033.7453244895812
495,1429.6666666666667,1441.3333333333333,4297.507052031781,12,1726.0,4167.810063650634,2577.0,2097.7593353670386
496,1021.0,1636.0833333333333,7727.257516795656,12,1089.0,6430.851005465447,201.0,1832.44482596081
497,1283.0,1300.3333333333333,1558.1085786085987,12,930.0,1606.5461654312423,1146.0,1898.5277043669485
498,1907.6666666666667,1721.5833333333333,7225.484406758209,12,1135.0,9034.901235304827,1003.0,2102.9111696622576
499,1058.6666666666667,1834.8333333333333,10642.858687237773,12,931.0,10242.026508737335,1464.0,2185.135677802235
500,967.6666666666666,1146.4166666666667,5269.120553981239,12,988.0,4731.048600158463,886.0,1740.2221207735183
501,1279.6666666666667,1394.8333333333333,1169.2298920026062,12,1291.0,788.107805479855,1107.0,1987.2165513682303
502,568.0,858.4166666666666,2819.6907528423594,12,195.0,3470.507888553154,850.0,1513.3929639313715
503,841.3333333333334,762.25,9391.812697019333,12,685.0,10444.571712335764,1245.0,1606.811621209004
504,589.6666666666666,829.75,3895.9199717471747,12,450.0,4785.411160896627,1541.0,1639.6538881829154
505,367.3333333333333,710.1666666666666,5780.621191776802,12,327.0,4432.684717428508,1539.0,1598.4423711337954
506,1489.0,1484.4166666666667,3345.0008875055696,12,1591.0,2476.684097127907,1378.0,2056.4440871400852
507,257.3333333333333,444.1666666666667,7676.390959595753,12,331.0,6033.199901825528,676.0,1352.4365514797373
508,1289.3333333333333,1458.0833333333333,5884.937692339224,12,831.0,5501.433111665941,2565.0,2097.7593353670386
509,271.0,800.9166666666666,12373.360423547054,12,432.0,13939.182811710443,1356.0,1606.8376639207747
510,794.3333333333334,984.75,6322.571392271679,12,1129.0,3636.7703684434982,1661.0,1780.4677020196739
511,582.3333333333334,731.8333333333334,5884.4947217775525,12,661.0,5487.479593640075,1223.0,1606.811621209004
512,1362.6666666666667,1300.3333333333333,6984.184451617766,12,1212.0,7465.986199121029,2610.0,1962.541715244407
513,1808.3333333333333,1879.25,5346.1450780890145,12,1609.0,6714.262172942703,1097.0,2142.4428028296647
514,722.0,825.4166666666666,7174.745971472643,12,909.0,4605.011812102648,731.0,1502.9102574314531
515,745.0,1169.1666666666667,1444.356610702984,12,658.0,1309.0238260147764,2126.0,1907.0571283442387
516,671.0,1018.0833333333334,5068.963547410361,12,659.0,5665.488331718265,1819.0,1796.0661753388406
517,401.0,578.9166666666666,2538.635285308744,12,373.0,2332.9047468127246,1773.0,1599.183942151169
518,1829.0,1941.6666666666667,8155.260432304461,12,2221.0,7322.808440470288,1088.0,2119.886731064196
519,1162.3333333333333,1479.1666666666667,3088.9970126132157,12,1479.0,2524.682981438915,2894.0,2150.109797792833
520,602.6666666666666,1133.6666666666667,1636.0424141547621,12,210.0,1394.5967324912144,1314.0,1754.0548178671838
521,1678.6666666666667,1683.1666666666667,4732.615801608546,12,1870.0,3624.397110561861,2374.0,2206.456813707126
522,856.6666666666666,1084.4166666666667,3641.470028366201,12,218.0,4309.965435299792,2519.0,1802.6697183909216
523,1180.6666666666667,1612.8333333333333,7293.240759363752,12,1007.0,7792.953337498173,2913.0,2248.6788131992407
524,570.3333333333334,666.0833333333334,2195.547285641825,12,443.0,2336.252832989373,972.0,1506.1076123629389
525,721.0,1140.6666666666667,2201.198597881624,12,975.0,1575.94487213168,2467.0,1861.5617824150718
526,219.66666666666666,448.1666666666667,8216.655607847379,12,410.0,6707.47706491463,490.0,1293.9370382498175
527,410.3333333333333,854.6666666666666,3303.7627209044917,12,528.0,3528.1538336486856,2716.0,1764.5574080379772
528,1053.0,799.8333333333334,5904.570197835983,12,993.0,6205.187570796805,427.0,1356.4115300549006
529,1355.3333333333333,1161.0,3969.8406067054407,12,1951.0,2811.821277773309,1604.0,1878.9711582117054
530,1037.0,1519.5,8937.672617957469,12,353.0,10879.544573166368,2033.0,2058.1506205735263
531,751.0,958.1666666666666,8640.002202827476,12,856.0,6745.126860124795,0.0,1415.4252302930706
532,1695.6666666666667,1886.4166666666667,2033.49521317951,12,1599.0,1859.1090175039783,3071.0,2251.507623836136
533,381.0,739.75,2121.1011797771284,12,290.0,2410.9171845724586,3110.0,1659.2918575244028
534,1737.6666666666667,2196.3333333333335,5548.0665721074,12,2122.0,3725.8517788166873,3083.0,2251.507623836136
535,686.0,1051.75,2904.321588157074,12,578.0,1923.8429137547864,1570.0,1810.320875527016
536,1302.0,1552.8333333333333,2667.9116646375455,12,1528.0,2062.7944031110214,1590.0,2159.022702116215
537,1085.6666666666667,1472.0,4697.0807222504345,12,1184.0,4122.1391054345795,2723.0,2150.109797792833
538,1342.6666666666667,1298.6666666666667,1431.4105321710247,12,1378.0,1426.571433948507,1347.0,1913.9268147206694
539,1297.6666666666667,1606.5833333333333,6157.18891551367,12,2096.0,3993.5881678625287,1352.0,2137.806894476661
540,869.0,1184.6666666666667,8233.956616770562,12,737.0,6927.878247392131,1473.0,1903.4432351271807
541,836.3333333333334,837.25,4144.618434430004,12,887.0,3477.1405530243687,1461.0,1683.3234242574554
542,1755.6666666666667,1452.3333333333333,8583.343452347843,12,2324.0,5967.806078249534,2121.0,2097.7593353670386
543,1937.3333333333333,1599.25,1697.0661575727133,12,1865.0,1441.2424113496663,2847.0,2231.4726051294106
544,791.0,1216.25,7333.127089499045,12,625.0,7940.529526595377,2117.0,1916.934432055698
545,494.0,769.4166666666666,6557.210031368327,12,657.0,5628.914156106008,936.0,1575.3471024334717
546,973.0,1459.8333333333333,2681.7707952952615,12,671.0,2326.239769126325,969.0,1977.6183526951895
547,266.0,854.3333333333334,7425.20044278118,12,203.0,7788.509383921915,2169.0,1645.7524961381957
548,688.0,1133.4166666666667,10211.086698139501,12,1100.0,7640.601316867178,2348.0,1861.5617824150718
549,1236.0,1161.4166666666667,2596.737837870042,12,1290.0,2014.4572815536528,3422.0,1939.8206446023128
550,1271.0,1429.5,9036.411766539693,12,811.0,10319.511549223527,1605.0,2068.989651258859
551,1202.0,1505.0,2393.957302405664,12,935.0,3155.834828991647,1336.0,2068.4277840739383
552,821.3333333333334,1243.4166666666667,7429.658911014972,12,926.0,8117.156029513053,2471.0,1962.541715244407
553,1735.0,1644.1666666666667,8560.79933563803,12,1844.0,5676.02066661519,2047.0,2206.456813707126
554,1324.3333333333333,1559.9166666666667,4812.326673753533,12,1052.0,6047.640458997057,1900.0,2174.8213783778124
555,1501.0,1571.75,8099.175612031574,12,1193.0,9539.015401879244,1085.0,2088.2512957348827
556,517.3333333333334,1035.9166666666667,4705.44825432688,12,647.0,4268.683054714293,2058.0,1826.4831584884628
557,1462.3333333333333,1734.3333333333333,4761.585724772203,12,864.0,5419.923773812769,831.0,2027.8321614716965
558,1443.6666666666667,1151.8333333333333,7788.942192649051,12,1689.0,5977.211466349457,171.0,1520.757846726988
559,892.3333333333334,1004.8333333333334,2307.838551834031,12,652.0,2849.366376150133,729.0,1610.1305488695448
560,798.6666666666666,831.25,8410.780922055017,12,498.0,9754.47094462792,1259.0,1607.325733871063
561,639.6666666666666,1036.1666666666667,8693.596118269967,12,423.0,9390.214270864624,2876.0,1824.6494522327196
562,359.0,674.4166666666666,5121.393190667103,12,275.0,7222.908301384161,2244.0,1614.2410473953926
563,1291.0,1171.5,4931.64284325077,12,363.0,7217.990968327692,1119.0,1787.2001037930834
564,935.3333333333334,1237.3333333333333,6901.40942017991,12,811.0,8707.753955118555,1660.0,1946.7430389828098
565,1282.3333333333333,1408.5833333333333,1645.1636933427908,12,1548.0,1137.3046352057745,1705.0,2068.989651258859
566,1331.6666666666667,1692.8333333333333,8562.590143368285,12,1586.0,7107.4875121740515,3088.0,2251.507623836136
567,540.6666666666666,589.4166666666666,8384.081633555143,12,842.0,5205.803755679395,574.0,1378.267654984287
568,919.6666666666666,957.25,1757.4671012438876,12,598.0,2126.0378511400977,609.0,1488.0045414823528
569,442.6666666666667,726.8333333333334,2065.186764765711,12,677.0,1743.3475992728804,2175.0,1670.8256320864627
570,633.6666666666666,981.9166666666666,7447.799719286234,12,398.0,8664.023313423066,979.0,1629.2408792246672
571,724.0,523.3333333333334,4504.441105667157,12,517.0,5860.677863152581,693.0,1400.6752929758197
572,1445.0,1685.25,2069.9542863232923,12,892.0,2037.2247561192216,888.0,2051.90910000734
573,1402.3333333333333,1608.0833333333333,6203.379501534724,12,1264.0,8863.813043518614,895.0,2049.080289370444
574,2280.0,2312.75,4763.821215731151,12,2628.0,4294.9788133437105,1254.0,2142.4428028296647
575,571.0,702.5,4573.4138224621065,12,519.0,3651.0096158292313,1786.0,1624.0296197441214
576,1135.6666666666667,904.3333333333334,5436.851078141334,12,969.0,5632.483842949659,1563.0,1736.9510147065157
577,1336.0,1269.4166666666667,9856.852939215527,12,1795.0,5737.785298965002,2895.0,2007.5925253734172
578,706.0,924.4166666666666,3247.4422507973213,12,557.0,3412.995324409808,2705.0,1784.6418913971647
579,295.0,536.25,3095.3135412899173,12,249.0,2860.696014683574,1557.0,1598.4423711337954
580,1060.6666666666667,1240.6666666666667,8805.514151273874,12,1228.0,7154.481785028669,1278.0,1898.5277043669485
581,239.33333333333334,365.0833333333333,2946.4940076383505,12,420.0,2970.718375982122,2313.0,1623.9411157017094
582,800.3333333333334,831.25,6773.70971254792,12,565.0,7573.483003547787,1830.0,1675.6872742007904
583,541.0,958.4166666666666,6091.405563529109,12,902.0,4372.5121454474265,1413.0,1740.8223175156477
584,1158.3333333333333,1141.5,2213.617632691637,12,871.0,2439.7609165861572,2075.0,1861.5617824150718
585,603.0,712.0,8444.339292926126,12,508.0,11208.679786283092,1383.0,1591.2133954819808
586,869.3333333333334,908.9166666666666,10512.183791889076,12,1117.0,9916.802120839884,1322.0,1704.134790444375
587,467.3333333333333,1237.4166666666667,4319.230382840061,12,246.0,4722.055205297155,1984.0,1903.6496512202568
588,1587.6666666666667,1508.5833333333333,8105.697343782966,12,698.0,9997.772380668232,2253.0,2114.735205264596
589,730.6666666666666,1040.6666666666667,4086.198017888692,12,529.0,4632.627870562169,1263.0,1751.618017244126
590,1154.6666666666667,1168.5833333333333,5986.505449025164,12,1060.0,6029.453794007057,2995.0,1954.4154178063288
591,1114.3333333333333,1344.25,8573.632587804284,12,1153.0,7644.246510825957,1148.0,1959.319149049196
592,978.6666666666666,1125.0,6723.7634624664615,12,778.0,7775.22206381132,1933.0,1861.5617824150718
593,1030.3333333333333,1502.9166666666667,4070.8365724925447,12,1181.0,3794.5046887894578,1190.0,2053.028673720218
594,349.3333333333333,709.1666666666666,7103.876701033343,12,317.0,7930.255766295527,861.0,1453.8608677419888
595,1688.0,1663.4166666666667,2250.980289579273,12,1595.0,2201.4488383822154,1872.0,2206.456813707126
596,1007.0,1502.1666666666667,2660.060194097858,12,1177.0,2252.370884828805,1826.0,2101.2440083360784
597,1483.6666666666667,1664.75,7840.007741637004,12,1096.0,9200.641389523153,877.0,2051.90910000734
598,918.6666666666666,1021.9166666666666,2009.7909339425248,12,804.0,1754.75466830729,2352.0,1814.1723309335177
599,1687.0,2040.3333333333333,1378.2164593838531,12,2325.0,1168.5101196970263,3670.0,2251.507623836136
600,662.3333333333334,957.1666666666666,3721.5979047866767,12,524.0,3458.4437944079527,1338.0,1727.6637078156893
601,509.6666666666667,840.75,1155.8162967783044,12,570.0,1144.7879763564763,2371.0,1691.4859504623876
602,756.3333333333334,895.0,7217.716555665932,12,1156.0,5790.934908348225,2598.0,1752.7496909681129
603,563.6666666666666,927.0833333333334,5020.995920569935,12,294.0,6266.490985442657,2119.0,1693.8576269439627
604,979.0,1176.8333333333333,2930.646231962261,12,758.0,2450.750347510466,1510.0,1893.5659314157215
605,1435.3333333333333,1519.75,5307.939664110887,12,1861.0,5006.94611601572,2626.0,2117.042684597676
606,845.0,938.75,8116.781573052246,12,1060.0,7464.657194574155,1117.0,1714.7418449573788
607,1821.6666666666667,1715.0833333333333,4845.174768992693,12,696.0,6281.777954723579,6404.0,2249.2001445030564
608,775.3333333333334,808.6666666666666,2017.4143808044644,12,888.0,1760.8803297576733,2749.0,1749.695370291356
609,1991.3333333333333,1947.25,3448.4685066184234,12,1108.0,3637.1436547922913,1600.0,2190.6581374455286
610,1385.6666666666667,1371.1666666666667,5374.15753628204,12,1281.0,4938.174311241507,1658.0,2010.2638345799887
611,1548.6666666666667,1646.6666666666667,6104.521348445317,12,912.0,7835.883425868543,1086.0,2119.886731064196
612,1571.3333333333333,1584.0,7378.03715690074,12,1943.0,6980.707347612197,1419.0,2126.206477854073
613,638.3333333333334,785.0,2080.46686029687,12,548.0,2159.5926436000136,1310.0,1633.714574881626
614,1559.6666666666667,1703.5833333333333,8779.503127898739,12,1448.0,10663.480896505664,1416.0,2157.8419131833866
615,1129.3333333333333,1483.0833333333333,6894.662477871701,12,1035.0,5826.560358099845,2899.0,2150.109797792833
616,2480.6666666666665,2027.8333333333333,1855.2386974681758,12,2453.0,1943.2495766552183,1528.0,2190.6581374455286
617,573.6666666666666,893.0,6966.855908082814,12,451.0,8086.06176770803,1995.0,1703.5576952502795
618,718.6666666666666,1156.3333333333333,2223.3178776150967,12,804.0,2350.825231544848,742.0,1693.0355317424096
619,984.3333333333334,1445.6666666666667,4574.876443023203,12,708.0,4417.673751881426,675.0,1834.480122830794
620,574.0,821.6666666666666,3872.2453790930654,12,721.0,3568.294337348888,2258.0,1703.1698435417557
621,292.3333333333333,540.25,2846.104939499123,12,269.0,3013.290124638582,1419.0,1565.6261468716548
622,1138.0,1727.1666666666667,8214.628473232904,12,588.0,9855.991989707798,966.0,2075.464700668395
623,762.6666666666666,1205.75,5029.316959630757,12,731.0,5881.514691448076,1681.0,1901.9685185065905
624,547.3333333333334,1148.6666666666667,8215.071137696134,12,508.0,9240.891984586273,2196.0,1861.4650190594784
625,645.0,866.6666666666666,6070.776570603943,12,532.0,6883.701782247196,2043.0,1719.506597908967
626,658.6666666666666,1073.0833333333333,8966.293304279881,12,890.0,9106.768827188096,2912.0,1906.612592544082
627,1005.6666666666666,1243.3333333333333,4727.589013197473,12,1282.0,3249.4509224211292,2657.0,1962.541715244407
628,399.6666666666667,624.1666666666666,1951.7398424001856,12,709.0,1593.2938331183618,2679.0,1671.6583947989525
629,761.0,747.8333333333334,2417.622688807887,12,644.0,2807.3668341658367,989.0,1567.2799880415969
630,1882.3333333333333,1628.5833333333333,6076.194040209374,12,1517.0,6390.088080458669,1472.0,2190.6581374455286
631,533.6666666666666,745.0,4777.010832357968,12,560.0,5293.701235891802,904.0,1505.4267880198
632,1560.6666666666667,1940.75,8914.44958224012,12,2131.0,8350.383120267737,1543.0,2190.6581374455286
633,1458.6666666666667,1694.0833333333333,5832.1592821859485,12,1877.0,6406.887531719088,2272.0,2206.456813707126
634,642.6666666666666,914.0,11209.984740397309,12,827.0,10963.791973069538,1906.0,1752.7496909681129
